skills,career
python machine learning deep learning nlp tensorflow pytorch,AI Engineer
python machine learning sql statistics pandas,Data Scientist
python sql tableau powerbi excel,Data Analyst
html css javascript react nodejs mongodb,Full Stack Developer
java spring mysql api backend,Backend Developer
python flask django api sql,Python Developer
aws docker kubernetes devops linux,DevOps Engineer
cybersecurity network security ethical hacking,Cyber Security Analyst
android kotlin java mobile development,Android Developer
ios swift mobile development,Objective-C Developer
